SNAP,baseline,0,0
TIME,leak,malloc,128,9440,9452,OK,1,0
SNAP,after_malloc_1,128,128
TIME,leak,malloc,128,15344,15356,OK,2,0
SNAP,after_malloc_2,256,256
TIME,leak,malloc,128,21422,21434,OK,3,0
SNAP,after_malloc_3,384,384
TIME,leak,malloc,128,27499,27512,OK,4,0
SNAP,after_malloc_4,512,512
TIME,leak,malloc,128,33577,33590,OK,5,0
SNAP,after_malloc_5,640,640
TIME,leak,malloc,128,39654,39668,OK,6,0
SNAP,after_malloc_6,768,768
TIME,leak,malloc,128,45732,45746,OK,7,0
SNAP,after_malloc_7,896,896
TIME,leak,malloc,128,51810,51824,OK,8,0
SNAP,after_malloc_8,1024,1024
TIME,leak,malloc,128,58061,58075,OK,9,0
SNAP,after_malloc_9,1152,1152
TIME,leak,malloc,128,64312,64327,OK,10,0
SNAP,after_malloc_10,1280,1280
TIME,leak,malloc,128,70737,70752,OK,11,0
SNAP,after_malloc_11,1408,1408
TIME,leak,malloc,128,77162,77177,OK,12,0
SNAP,after_malloc_12,1536,1536
TIME,leak,malloc,128,83587,83603,OK,13,0
SNAP,after_malloc_13,1664,1664
TIME,leak,malloc,128,90012,90028,OK,14,0
SNAP,after_malloc_14,1792,1792
TIME,leak,malloc,128,96437,96453,OK,15,0
SNAP,after_malloc_15,1920,1920
TIME,leak,malloc,128,102862,102878,OK,16,0
SNAP,after_malloc_16,2048,2048
TIME,leak,malloc,128,109460,109477,OK,17,0
SNAP,after_malloc_17,2176,2176
TIME,leak,malloc,128,116059,116076,OK,18,0
SNAP,after_malloc_18,2304,2304
TIME,leak,malloc,128,122657,122675,OK,19,0
SNAP,after_malloc_19,2432,2432
TIME,leak,malloc,128,129256,129274,OK,20,0
SNAP,after_malloc_20,2560,2560
TIME,leak,malloc,128,135854,135873,OK,21,0
SNAP,after_malloc_21,2688,2688
TIME,leak,malloc,128,142453,142472,OK,22,0
SNAP,after_malloc_22,2816,2816
TIME,leak,malloc,128,149051,149070,OK,23,0
SNAP,after_malloc_23,2944,2944
TIME,leak,malloc,128,155650,155669,OK,24,0
SNAP,after_malloc_24,3072,3072
TIME,leak,malloc,128,162248,162268,OK,25,0
SNAP,after_malloc_25,3200,3200
TIME,leak,malloc,128,168847,168867,OK,26,0
SNAP,after_malloc_26,3328,3328
TIME,leak,malloc,128,175446,175466,OK,27,0
SNAP,after_malloc_27,3456,3456
TIME,leak,malloc,128,182044,182065,OK,28,0
SNAP,after_malloc_28,3584,3584
TIME,leak,malloc,128,188643,188664,OK,29,0
SNAP,after_malloc_29,3712,3712
TIME,leak,malloc,128,195242,195263,OK,30,0
SNAP,after_malloc_30,3840,3840
TIME,leak,malloc,128,201841,201863,OK,31,0
SNAP,after_malloc_31,3968,3968
TIME,leak,malloc,128,208440,208462,OK,32,0
SNAP,after_malloc_32,4096,4096
TIME,leak,malloc,128,215040,215063,OK,33,0
SNAP,after_malloc_33,4224,4224
TIME,leak,malloc,128,221640,221663,OK,34,0
SNAP,after_malloc_34,4352,4352
TIME,leak,malloc,128,228241,228264,OK,35,0
SNAP,after_malloc_35,4480,4480
TIME,leak,malloc,128,234842,234865,OK,36,0
SNAP,after_malloc_36,4608,4608
TIME,leak,malloc,128,241443,241467,OK,37,0
SNAP,after_malloc_37,4736,4736
TIME,leak,malloc,128,248045,248069,OK,38,0
SNAP,after_malloc_38,4864,4864
TIME,leak,malloc,128,254646,254671,OK,39,0
SNAP,after_malloc_39,4992,4992
TIME,leak,malloc,128,261249,261274,OK,40,0
SNAP,after_malloc_40,5120,5120
TIME,leak,malloc,128,267851,267876,OK,41,0
SNAP,after_malloc_41,5248,5248
TIME,leak,malloc,128,274454,274480,OK,42,0
SNAP,after_malloc_42,5376,5376
TIME,leak,malloc,128,281058,281083,OK,43,0
SNAP,after_malloc_43,5504,5504
TIME,leak,malloc,128,287661,287687,OK,44,0
SNAP,after_malloc_44,5632,5632
TIME,leak,malloc,128,294265,294291,OK,45,0
SNAP,after_malloc_45,5760,5760
TIME,leak,malloc,128,300869,300896,OK,46,0
SNAP,after_malloc_46,5888,5888
TIME,leak,malloc,128,307473,307500,OK,47,0
SNAP,after_malloc_47,6016,6016
TIME,leak,malloc,128,314078,314105,OK,48,0
SNAP,after_malloc_48,6144,6144
TIME,leak,malloc,128,320683,320711,OK,49,0
SNAP,after_malloc_49,6272,6272
TIME,leak,malloc,128,327289,327317,OK,50,0
SNAP,after_malloc_50,6400,6400
TIME,leak,malloc,128,333894,333922,OK,51,0
SNAP,after_malloc_51,6528,6528
TIME,leak,malloc,128,340500,340529,OK,52,0
SNAP,after_malloc_52,6656,6656
TIME,leak,malloc,128,347107,347136,OK,53,0
SNAP,after_malloc_53,6784,6784
TIME,leak,malloc,128,353714,353743,OK,54,0
SNAP,after_malloc_54,6912,6912
TIME,leak,malloc,128,360321,360351,OK,55,0
SNAP,after_malloc_55,7040,7040
TIME,leak,malloc,128,366936,366966,OK,56,0
SNAP,after_malloc_56,7168,7168
TIME,leak,malloc,128,373544,373574,OK,57,0
SNAP,after_malloc_57,7296,7296
TIME,leak,malloc,128,380152,380183,OK,58,0
SNAP,after_malloc_58,7424,7424
TIME,leak,malloc,128,386761,386792,OK,59,0
SNAP,after_malloc_59,7552,7552
TIME,leak,malloc,128,393370,393401,OK,60,0
SNAP,after_malloc_60,7680,7680
TIME,leak,malloc,128,399979,400011,OK,61,0
SNAP,after_malloc_61,7808,7808
TIME,leak,malloc,128,406588,406620,OK,62,0
SNAP,after_malloc_62,7936,7936
TIME,leak,malloc,128,413198,413231,OK,63,0
SNAP,after_malloc_63,8064,8064
TIME,leak,malloc,128,419808,419841,OK,64,0
SNAP,after_malloc_64,8192,8192
TIME,leak,malloc,128,426419,426452,OK,65,0
SNAP,after_malloc_65,8320,8320
TIME,leak,malloc,128,433030,433063,OK,66,0
SNAP,after_malloc_66,8448,8448
TIME,leak,malloc,128,439641,439674,OK,67,0
SNAP,after_malloc_67,8576,8576
TIME,leak,malloc,128,446252,446286,OK,68,0
SNAP,after_malloc_68,8704,8704
TIME,leak,malloc,128,452864,452899,OK,69,0
SNAP,after_malloc_69,8832,8832
TIME,leak,malloc,128,459476,459511,OK,70,0
SNAP,after_malloc_70,8960,8960
TIME,leak,malloc,128,466089,466124,OK,71,0
SNAP,after_malloc_71,9088,9088
TIME,leak,malloc,128,472702,472738,OK,72,0
SNAP,after_malloc_72,9216,9216
TIME,leak,malloc,128,479315,479351,OK,73,0
SNAP,after_malloc_73,9344,9344
TIME,leak,malloc,128,485929,485965,OK,74,0
SNAP,after_malloc_74,9472,9472
TIME,leak,malloc,128,492542,492579,OK,75,0
SNAP,after_malloc_75,9600,9600
TIME,leak,malloc,128,499157,499193,OK,76,0
SNAP,after_malloc_76,9728,9728
TIME,leak,malloc,128,505771,505808,OK,77,0
SNAP,after_malloc_77,9856,9856
TIME,leak,malloc,128,512386,512423,OK,78,0
SNAP,after_malloc_78,9984,9984
TIME,leak,malloc,128,519001,519039,OK,79,0
SNAP,after_malloc_79,10112,10112
TIME,leak,malloc,128,525790,525828,OK,80,0
SNAP,after_malloc_80,10240,10240
TIME,leak,malloc,128,532580,532618,OK,81,0
SNAP,after_malloc_81,10368,10368
TIME,leak,malloc,128,539370,539408,OK,82,0
SNAP,after_malloc_82,10496,10496
TIME,leak,malloc,128,546160,546199,OK,83,0
SNAP,after_malloc_83,10624,10624
TIME,leak,malloc,128,552951,552990,OK,84,0
SNAP,after_malloc_84,10752,10752
TIME,leak,malloc,128,559742,559781,OK,85,0
SNAP,after_malloc_85,10880,10880
TIME,leak,malloc,128,566533,566573,OK,86,0
SNAP,after_malloc_86,11008,11008
TIME,leak,malloc,128,573325,573365,OK,87,0
SNAP,after_malloc_87,11136,11136
TIME,leak,malloc,128,580116,580157,OK,88,0
SNAP,after_malloc_88,11264,11264
TIME,leak,malloc,128,586909,586950,OK,89,0
SNAP,after_malloc_89,11392,11392
TIME,leak,malloc,128,593701,593743,OK,90,0
SNAP,after_malloc_90,11520,11520
TIME,leak,malloc,128,600494,600536,OK,91,0
SNAP,after_malloc_91,11648,11648
TIME,leak,malloc,128,607288,607330,OK,92,0
SNAP,after_malloc_92,11776,11776
TIME,leak,malloc,128,614081,614123,OK,93,0
SNAP,after_malloc_93,11904,11904
TIME,leak,malloc,128,620875,620917,OK,94,0
SNAP,after_malloc_94,12032,12032
TIME,leak,malloc,128,627669,627712,OK,95,0
SNAP,after_malloc_95,12160,12160
TIME,leak,malloc,128,634464,634507,OK,96,0
SNAP,after_malloc_96,12288,12288
TIME,leak,malloc,128,641259,641302,OK,97,0
SNAP,after_malloc_97,12416,12416
TIME,leak,malloc,128,648054,648098,OK,98,0
SNAP,after_malloc_98,12544,12544
TIME,leak,malloc,128,654849,654894,OK,99,0
SNAP,after_malloc_99,12672,12672
TIME,leak,malloc,128,661645,661690,OK,100,0
SNAP,after_malloc_100,12800,12800
TIME,leak,malloc,128,668617,678945,OK,101,0
SNAP,after_malloc_101,12800,12800
TIME,leak,malloc,128,685894,696223,OK,102,0
SNAP,after_malloc_102,12800,12800
TIME,leak,malloc,128,703172,713500,OK,103,0
SNAP,after_malloc_103,12800,12800
TIME,leak,malloc,128,720450,730778,OK,104,0
SNAP,after_malloc_104,12800,12800
TIME,leak,malloc,128,737728,748056,OK,105,0
SNAP,after_malloc_105,12800,12800
TIME,leak,malloc,128,755005,765334,OK,106,0
SNAP,after_malloc_106,12800,12800
TIME,leak,malloc,128,772283,782611,OK,107,0
SNAP,after_malloc_107,12800,12800
TIME,leak,malloc,128,789561,799889,OK,108,0
SNAP,after_malloc_108,12800,12800
TIME,leak,malloc,128,806839,817167,OK,109,0
SNAP,after_malloc_109,12800,12800
TIME,leak,malloc,128,824116,834445,OK,110,0
SNAP,after_malloc_110,12800,12800
TIME,leak,malloc,128,841394,851722,OK,111,0
SNAP,after_malloc_111,12800,12800
TIME,leak,malloc,128,858672,869000,OK,112,0
SNAP,after_malloc_112,12800,12800
TIME,leak,malloc,128,875950,886278,OK,113,0
SNAP,after_malloc_113,12800,12800
TIME,leak,malloc,128,893227,903556,OK,114,0
SNAP,after_malloc_114,12800,12800
TIME,leak,malloc,128,910505,920833,OK,115,0
SNAP,after_malloc_115,12800,12800
TIME,leak,malloc,128,927783,938111,OK,116,0
SNAP,after_malloc_116,12800,12800
TIME,leak,malloc,128,945061,955389,OK,117,0
SNAP,after_malloc_117,12800,12800
TIME,leak,malloc,128,962338,972667,OK,118,0
SNAP,after_malloc_118,12800,12800
TIME,leak,malloc,128,979616,989945,OK,119,0
SNAP,after_malloc_119,12800,12800
TIME,leak,malloc,128,996894,1007222,OK,120,0
SNAP,after_malloc_120,12800,12800
TIME,leak,malloc,128,1014259,1024587,OK,121,0
SNAP,after_malloc_121,12800,12800
TIME,leak,malloc,128,1031710,1042038,OK,122,0
SNAP,after_malloc_122,12800,12800
TIME,leak,malloc,128,1049161,1059490,OK,123,0
SNAP,after_malloc_123,12800,12800
TIME,leak,malloc,128,1066613,1076941,OK,124,0
SNAP,after_malloc_124,12800,12800
TIME,leak,malloc,128,1084064,1094392,OK,125,0
SNAP,after_malloc_125,12800,12800
TIME,leak,malloc,128,1101516,1111844,OK,126,0
SNAP,after_malloc_126,12800,12800
TIME,leak,malloc,128,1118967,1129295,OK,127,0
SNAP,after_malloc_127,12800,12800
TIME,leak,malloc,128,1136418,1146747,OK,128,0
SNAP,after_malloc_128,12800,12800
TIME,leak,malloc,128,1153870,1164198,OK,129,0
SNAP,after_malloc_129,12800,12800
TIME,leak,malloc,128,1171321,1181649,OK,130,0
SNAP,after_malloc_130,12800,12800
TIME,leak,malloc,128,1188773,1199101,OK,131,0
SNAP,after_malloc_131,12800,12800
TIME,leak,malloc,128,1206224,1216552,OK,132,0
SNAP,after_malloc_132,12800,12800
TIME,leak,malloc,128,1223675,1234004,OK,133,0
SNAP,after_malloc_133,12800,12800
TIME,leak,malloc,128,1241127,1251455,OK,134,0
SNAP,after_malloc_134,12800,12800
TIME,leak,malloc,128,1258578,1268907,OK,135,0
SNAP,after_malloc_135,12800,12800
TIME,leak,malloc,128,1276030,1286358,OK,136,0
SNAP,after_malloc_136,12800,12800
TIME,leak,malloc,128,1293481,1303809,OK,137,0
SNAP,after_malloc_137,12800,12800
TIME,leak,malloc,128,1310934,1321261,OK,138,0
SNAP,after_malloc_138,12800,12800
TIME,leak,malloc,128,1328384,1338712,OK,139,0
SNAP,after_malloc_139,12800,12800
TIME,leak,malloc,128,1345835,1356164,OK,140,0
SNAP,after_malloc_140,12800,12800
TIME,leak,malloc,128,1363287,1373615,OK,141,0
SNAP,after_malloc_141,12800,12800
TIME,leak,malloc,128,1380738,1391066,OK,142,0
SNAP,after_malloc_142,12800,12800
TIME,leak,malloc,128,1398190,1408518,OK,143,0
SNAP,after_malloc_143,12800,12800
TIME,leak,malloc,128,1415641,1425969,OK,144,0
SNAP,after_malloc_144,12800,12800
TIME,leak,malloc,128,1433092,1443421,OK,145,0
SNAP,after_malloc_145,12800,12800
TIME,leak,malloc,128,1450544,1460872,OK,146,0
SNAP,after_malloc_146,12800,12800
TIME,leak,malloc,128,1467995,1478323,OK,147,0
SNAP,after_malloc_147,12800,12800
TIME,leak,malloc,128,1485447,1495775,OK,148,0
SNAP,after_malloc_148,12800,12800
TIME,leak,malloc,128,1502898,1513226,OK,149,0
SNAP,after_malloc_149,12800,12800
TIME,leak,malloc,128,1520349,1530678,OK,150,0
SNAP,after_malloc_150,12800,12800
TIME,leak,malloc,128,1537801,1548129,OK,151,0
SNAP,after_malloc_151,12800,12800
TIME,leak,malloc,128,1555252,1565580,OK,152,0
SNAP,after_malloc_152,12800,12800
TIME,leak,malloc,128,1572704,1583032,OK,153,0
SNAP,after_malloc_153,12800,12800
TIME,leak,malloc,128,1590155,1600483,OK,154,0
SNAP,after_malloc_154,12800,12800
TIME,leak,malloc,128,1607606,1617935,OK,155,0
SNAP,after_malloc_155,12800,12800
TIME,leak,malloc,128,1625058,1635386,OK,156,0
SNAP,after_malloc_156,12800,12800
TIME,leak,malloc,128,1642509,1652837,OK,157,0
SNAP,after_malloc_157,12800,12800
TIME,leak,malloc,128,1659961,1670289,OK,158,0
SNAP,after_malloc_158,12800,12800
TIME,leak,malloc,128,1677412,1687740,OK,159,0
SNAP,after_malloc_159,12800,12800
TIME,leak,malloc,128,1694863,1705192,OK,160,0
SNAP,after_malloc_160,12800,12800
TIME,leak,malloc,128,1712315,1722643,OK,161,0
SNAP,after_malloc_161,12800,12800
TIME,leak,malloc,128,1729766,1740095,OK,162,0
SNAP,after_malloc_162,12800,12800
TIME,leak,malloc,128,1747218,1757546,OK,163,0
SNAP,after_malloc_163,12800,12800
TIME,leak,malloc,128,1764669,1774997,OK,164,0
SNAP,after_malloc_164,12800,12800
TIME,leak,malloc,128,1782120,1792449,OK,165,0
SNAP,after_malloc_165,12800,12800
TIME,leak,malloc,128,1799572,1809900,OK,166,0
SNAP,after_malloc_166,12800,12800
TIME,leak,malloc,128,1817023,1827351,OK,167,0
SNAP,after_malloc_167,12800,12800
TIME,leak,malloc,128,1834475,1844803,OK,168,0
SNAP,after_malloc_168,12800,12800
TIME,leak,malloc,128,1851926,1862254,OK,169,0
SNAP,after_malloc_169,12800,12800
TIME,leak,malloc,128,1869377,1879706,OK,170,0
SNAP,after_malloc_170,12800,12800
TIME,leak,malloc,128,1886829,1897157,OK,171,0
SNAP,after_malloc_171,12800,12800
TIME,leak,malloc,128,1904280,1914609,OK,172,0
SNAP,after_malloc_172,12800,12800
TIME,leak,malloc,128,1921732,1932060,OK,173,0
SNAP,after_malloc_173,12800,12800
TIME,leak,malloc,128,1939183,1949511,OK,174,0
SNAP,after_malloc_174,12800,12800
TIME,leak,malloc,128,1956634,1966963,OK,175,0
SNAP,after_malloc_175,12800,12800
TIME,leak,malloc,128,1974086,1984414,OK,176,0
SNAP,after_malloc_176,12800,12800
TIME,leak,malloc,128,1991537,2001866,OK,177,0
SNAP,after_malloc_177,12800,12800
TIME,leak,malloc,128,2008989,2019317,OK,178,0
SNAP,after_malloc_178,12800,12800
TIME,leak,malloc,128,2026440,2036768,OK,179,0
SNAP,after_malloc_179,12800,12800
TIME,leak,malloc,128,2043892,2054220,OK,180,0
SNAP,after_malloc_180,12800,12800
TIME,leak,malloc,128,2061343,2071671,OK,181,0
SNAP,after_malloc_181,12800,12800
TIME,leak,malloc,128,2078794,2089123,OK,182,0
SNAP,after_malloc_182,12800,12800
TIME,leak,malloc,128,2096246,2106574,OK,183,0
SNAP,after_malloc_183,12800,12800
TIME,leak,malloc,128,2113697,2124025,OK,184,0
SNAP,after_malloc_184,12800,12800
TIME,leak,malloc,128,2131149,2141477,OK,185,0
SNAP,after_malloc_185,12800,12800
TIME,leak,malloc,128,2148600,2158928,OK,186,0
SNAP,after_malloc_186,12800,12800
TIME,leak,malloc,128,2166051,2176380,OK,187,0
SNAP,after_malloc_187,12800,12800
TIME,leak,malloc,128,2183503,2193831,OK,188,0
SNAP,after_malloc_188,12800,12800
TIME,leak,malloc,128,2200954,2211282,OK,189,0
SNAP,after_malloc_189,12800,12800
TIME,leak,malloc,128,2218406,2228734,OK,190,0
SNAP,after_malloc_190,12800,12800
TIME,leak,malloc,128,2235857,2246185,OK,191,0
SNAP,after_malloc_191,12800,12800
TIME,leak,malloc,128,2253308,2263637,OK,192,0
SNAP,after_malloc_192,12800,12800
TIME,leak,malloc,128,2270760,2281088,OK,193,0
SNAP,after_malloc_193,12800,12800
TIME,leak,malloc,128,2288211,2298539,OK,194,0
SNAP,after_malloc_194,12800,12800
TIME,leak,malloc,128,2305663,2315991,OK,195,0
SNAP,after_malloc_195,12800,12800
TIME,leak,malloc,128,2323114,2333442,OK,196,0
SNAP,after_malloc_196,12800,12800
TIME,leak,malloc,128,2340565,2350894,OK,197,0
SNAP,after_malloc_197,12800,12800
TIME,leak,malloc,128,2358017,2368345,OK,198,0
SNAP,after_malloc_198,12800,12800
TIME,leak,malloc,128,2375468,2385797,OK,199,0
SNAP,after_malloc_199,12800,12800
TIME,leak,malloc,128,2392920,2403248,OK,200,0
SNAP,after_malloc_200,12800,12800
TIME,leak,malloc,128,2410371,2420699,OK,201,0
SNAP,after_malloc_201,12800,12800
TIME,leak,malloc,128,2427822,2438151,OK,202,0
SNAP,after_malloc_202,12800,12800
TIME,leak,malloc,128,2445274,2455602,OK,203,0
SNAP,after_malloc_203,12800,12800
TIME,leak,malloc,128,2462725,2473054,OK,204,0
SNAP,after_malloc_204,12800,12800
TIME,leak,malloc,128,2480177,2490505,OK,205,0
SNAP,after_malloc_205,12800,12800
TIME,leak,malloc,128,2497628,2507956,OK,206,0
SNAP,after_malloc_206,12800,12800
TIME,leak,malloc,128,2515079,2525408,OK,207,0
SNAP,after_malloc_207,12800,12800
TIME,leak,malloc,128,2532531,2542859,OK,208,0
SNAP,after_malloc_208,12800,12800
TIME,leak,malloc,128,2549982,2560311,OK,209,0
SNAP,after_malloc_209,12800,12800
TIME,leak,malloc,128,2567434,2577762,OK,210,0
SNAP,after_malloc_210,12800,12800
TIME,leak,malloc,128,2584885,2595213,OK,211,0
SNAP,after_malloc_211,12800,12800
TIME,leak,malloc,128,2602337,2612665,OK,212,0
SNAP,after_malloc_212,12800,12800
TIME,leak,malloc,128,2619788,2630116,OK,213,0
SNAP,after_malloc_213,12800,12800
TIME,leak,malloc,128,2637239,2647568,OK,214,0
SNAP,after_malloc_214,12800,12800
TIME,leak,malloc,128,2654691,2665019,OK,215,0
SNAP,after_malloc_215,12800,12800
TIME,leak,malloc,128,2672142,2682470,OK,216,0
SNAP,after_malloc_216,12800,12800
TIME,leak,malloc,128,2689594,2699922,OK,217,0
SNAP,after_malloc_217,12800,12800
TIME,leak,malloc,128,2707045,2717373,OK,218,0
SNAP,after_malloc_218,12800,12800
TIME,leak,malloc,128,2724496,2734825,OK,219,0
SNAP,after_malloc_219,12800,12800
TIME,leak,malloc,128,2741948,2752276,OK,220,0
SNAP,after_malloc_220,12800,12800
TIME,leak,malloc,128,2759399,2769727,OK,221,0
SNAP,after_malloc_221,12800,12800
TIME,leak,malloc,128,2776851,2787179,OK,222,0
SNAP,after_malloc_222,12800,12800
TIME,leak,malloc,128,2794302,2804630,OK,223,0
SNAP,after_malloc_223,12800,12800
TIME,leak,malloc,128,2811753,2822082,OK,224,0
SNAP,after_malloc_224,12800,12800
TIME,leak,malloc,128,2829205,2839533,OK,225,0
SNAP,after_malloc_225,12800,12800
TIME,leak,malloc,128,2846656,2856985,OK,226,0
SNAP,after_malloc_226,12800,12800
TIME,leak,malloc,128,2864108,2874436,OK,227,0
SNAP,after_malloc_227,12800,12800
TIME,leak,malloc,128,2881559,2891887,OK,228,0
SNAP,after_malloc_228,12800,12800
TIME,leak,malloc,128,2899010,2909339,OK,229,0
SNAP,after_malloc_229,12800,12800
TIME,leak,malloc,128,2916462,2926790,OK,230,0
SNAP,after_malloc_230,12800,12800
TIME,leak,malloc,128,2933913,2944241,OK,231,0
SNAP,after_malloc_231,12800,12800
TIME,leak,malloc,128,2951365,2961693,OK,232,0
SNAP,after_malloc_232,12800,12800
TIME,leak,malloc,128,2968816,2979144,OK,233,0
SNAP,after_malloc_233,12800,12800
TIME,leak,malloc,128,2986268,2996596,OK,234,0
SNAP,after_malloc_234,12800,12800
TIME,leak,malloc,128,3003719,3014047,OK,235,0
SNAP,after_malloc_235,12800,12800
TIME,leak,malloc,128,3021170,3031499,OK,236,0
SNAP,after_malloc_236,12800,12800
TIME,leak,malloc,128,3038622,3048950,OK,237,0
SNAP,after_malloc_237,12800,12800
TIME,leak,malloc,128,3056073,3066401,OK,238,0
SNAP,after_malloc_238,12800,12800
TIME,leak,malloc,128,3073525,3083853,OK,239,0
SNAP,after_malloc_239,12800,12800
TIME,leak,malloc,128,3090976,3101304,OK,240,0
SNAP,after_malloc_240,12800,12800
TIME,leak,malloc,128,3108427,3118756,OK,241,0
SNAP,after_malloc_241,12800,12800
TIME,leak,malloc,128,3125879,3136207,OK,242,0
SNAP,after_malloc_242,12800,12800
TIME,leak,malloc,128,3143330,3153658,OK,243,0
SNAP,after_malloc_243,12800,12800
TIME,leak,malloc,128,3160782,3171110,OK,244,0
SNAP,after_malloc_244,12800,12800
TIME,leak,malloc,128,3178233,3188561,OK,245,0
SNAP,after_malloc_245,12800,12800
TIME,leak,malloc,128,3195684,3206013,OK,246,0
SNAP,after_malloc_246,12800,12800
TIME,leak,malloc,128,3213136,3223464,OK,247,0
SNAP,after_malloc_247,12800,12800
TIME,leak,malloc,128,3230587,3240915,OK,248,0
SNAP,after_malloc_248,12800,12800
TIME,leak,malloc,128,3248039,3258367,OK,249,0
SNAP,after_malloc_249,12800,12800
TIME,leak,malloc,128,3265490,3275818,OK,250,0
SNAP,after_malloc_250,12800,12800
TIME,leak,malloc,128,3282941,3293270,OK,251,0
SNAP,after_malloc_251,12800,12800
TIME,leak,malloc,128,3300393,3310721,OK,252,0
SNAP,after_malloc_252,12800,12800
TIME,leak,malloc,128,3317844,3328172,OK,253,0
SNAP,after_malloc_253,12800,12800
TIME,leak,malloc,128,3335296,3345624,OK,254,0
SNAP,after_malloc_254,12800,12800
TIME,leak,malloc,128,3352747,3363075,OK,255,0
SNAP,after_malloc_255,12800,12800
TIME,leak,malloc,128,3370198,3380527,OK,256,0
SNAP,after_malloc_256,12800,12800
TIME,leak,malloc,128,3387650,3397978,OK,257,0
SNAP,after_malloc_257,12800,12800
TIME,leak,malloc,128,3405101,3415429,OK,258,0
SNAP,after_malloc_258,12800,12800
TIME,leak,malloc,128,3422553,3432881,OK,259,0
SNAP,after_malloc_259,12800,12800
TIME,leak,malloc,128,3440004,3450332,OK,260,0
SNAP,after_malloc_260,12800,12800
TIME,leak,malloc,128,3457455,3467784,OK,261,0
SNAP,after_malloc_261,12800,12800
TIME,leak,malloc,128,3474907,3485235,OK,262,0
SNAP,after_malloc_262,12800,12800
TIME,leak,malloc,128,3492358,3502686,OK,263,0
SNAP,after_malloc_263,12800,12800
TIME,leak,malloc,128,3509810,3520138,OK,264,0
SNAP,after_malloc_264,12800,12800
TIME,leak,malloc,128,3527261,3537589,OK,265,0
SNAP,after_malloc_265,12800,12800
TIME,leak,malloc,128,3544712,3555041,OK,266,0
SNAP,after_malloc_266,12800,12800
TIME,leak,malloc,128,3562164,3572492,OK,267,0
SNAP,after_malloc_267,12800,12800
TIME,leak,malloc,128,3579615,3589943,OK,268,0
SNAP,after_malloc_268,12800,12800
TIME,leak,malloc,128,3597067,3607395,OK,269,0
SNAP,after_malloc_269,12800,12800
TIME,leak,malloc,128,3614518,3624846,OK,270,0
SNAP,after_malloc_270,12800,12800
TIME,leak,malloc,128,3631969,3642298,OK,271,0
SNAP,after_malloc_271,12800,12800
TIME,leak,malloc,128,3649421,3659749,OK,272,0
SNAP,after_malloc_272,12800,12800
TIME,leak,malloc,128,3666872,3677201,OK,273,0
SNAP,after_malloc_273,12800,12800
TIME,leak,malloc,128,3684324,3694652,OK,274,0
SNAP,after_malloc_274,12800,12800
TIME,leak,malloc,128,3701775,3712103,OK,275,0
SNAP,after_malloc_275,12800,12800
TIME,leak,malloc,128,3719227,3729555,OK,276,0
SNAP,after_malloc_276,12800,12800
TIME,leak,malloc,128,3736678,3747006,OK,277,0
SNAP,after_malloc_277,12800,12800
TIME,leak,malloc,128,3754129,3764458,OK,278,0
SNAP,after_malloc_278,12800,12800
TIME,leak,malloc,128,3771581,3781909,OK,279,0
SNAP,after_malloc_279,12800,12800
TIME,leak,malloc,128,3789032,3799360,OK,280,0
SNAP,after_malloc_280,12800,12800
TIME,leak,malloc,128,3806484,3816812,OK,281,0
SNAP,after_malloc_281,12800,12800
TIME,leak,malloc,128,3823935,3834263,OK,282,0
SNAP,after_malloc_282,12800,12800
TIME,leak,malloc,128,3841386,3851715,OK,283,0
SNAP,after_malloc_283,12800,12800
TIME,leak,malloc,128,3858838,3869166,OK,284,0
SNAP,after_malloc_284,12800,12800
TIME,leak,malloc,128,3876289,3886617,OK,285,0
SNAP,after_malloc_285,12800,12800
TIME,leak,malloc,128,3893741,3904069,OK,286,0
SNAP,after_malloc_286,12800,12800
TIME,leak,malloc,128,3911192,3921520,OK,287,0
SNAP,after_malloc_287,12800,12800
TIME,leak,malloc,128,3928643,3938972,OK,288,0
SNAP,after_malloc_288,12800,12800
TIME,leak,malloc,128,3946095,3956423,OK,289,0
SNAP,after_malloc_289,12800,12800
TIME,leak,malloc,128,3963546,3973874,OK,290,0
SNAP,after_malloc_290,12800,12800
TIME,leak,malloc,128,3980998,3991326,OK,291,0
SNAP,after_malloc_291,12800,12800
TIME,leak,malloc,128,3998449,4008777,OK,292,0
SNAP,after_malloc_292,12800,12800
TIME,leak,malloc,128,4015900,4026229,OK,293,0
SNAP,after_malloc_293,12800,12800
TIME,leak,malloc,128,4033352,4043680,OK,294,0
SNAP,after_malloc_294,12800,12800
TIME,leak,malloc,128,4050803,4061132,OK,295,0
SNAP,after_malloc_295,12800,12800
TIME,leak,malloc,128,4068255,4078583,OK,296,0
SNAP,after_malloc_296,12800,12800
TIME,leak,malloc,128,4085706,4096034,OK,297,0
SNAP,after_malloc_297,12800,12800
TIME,leak,malloc,128,4103157,4113486,OK,298,0
SNAP,after_malloc_298,12800,12800
TIME,leak,malloc,128,4120609,4130937,OK,299,0
SNAP,after_malloc_299,12800,12800
TIME,leak,malloc,128,4138060,4148389,OK,300,0
SNAP,after_malloc_300,12800,12800
TIME,leak,malloc,128,4155512,4165840,OK,301,0
SNAP,after_malloc_301,12800,12800
TIME,leak,malloc,128,4172963,4183291,OK,302,0
SNAP,after_malloc_302,12800,12800
TIME,leak,malloc,128,4190415,4200743,OK,303,0
SNAP,after_malloc_303,12800,12800
TIME,leak,malloc,128,4207866,4218194,OK,304,0
SNAP,after_malloc_304,12800,12800
TIME,leak,malloc,128,4225317,4235646,OK,305,0
SNAP,after_malloc_305,12800,12800
TIME,leak,malloc,128,4242769,4253097,OK,306,0
SNAP,after_malloc_306,12800,12800
TIME,leak,malloc,128,4260220,4270548,OK,307,0
SNAP,after_malloc_307,12800,12800
TIME,leak,malloc,128,4277671,4288000,OK,308,0
SNAP,after_malloc_308,12800,12800
TIME,leak,malloc,128,4295123,4305451,OK,309,0
SNAP,after_malloc_309,12800,12800
TIME,leak,malloc,128,4312574,4322903,OK,310,0
SNAP,after_malloc_310,12800,12800
TIME,leak,malloc,128,4330026,4340354,OK,311,0
SNAP,after_malloc_311,12800,12800
TIME,leak,malloc,128,4347477,4357805,OK,312,0
SNAP,after_malloc_312,12800,12800
TIME,leak,malloc,128,4364928,4375257,OK,313,0
SNAP,after_malloc_313,12800,12800
TIME,leak,malloc,128,4382380,4392708,OK,314,0
SNAP,after_malloc_314,12800,12800
TIME,leak,malloc,128,4399831,4410160,OK,315,0
SNAP,after_malloc_315,12800,12800
TIME,leak,malloc,128,4417283,4427611,OK,316,0
SNAP,after_malloc_316,12800,12800
TIME,leak,malloc,128,4434734,4445063,OK,317,0
SNAP,after_malloc_317,12800,12800
TIME,leak,malloc,128,4452186,4462514,OK,318,0
SNAP,after_malloc_318,12800,12800
TIME,leak,malloc,128,4469637,4479965,OK,319,0
SNAP,after_malloc_319,12800,12800
TIME,leak,malloc,128,4487088,4497417,OK,320,0
SNAP,after_malloc_320,12800,12800
TIME,leak,malloc,128,4504540,4514868,OK,321,0
SNAP,after_malloc_321,12800,12800
TIME,leak,malloc,128,4521991,4532319,OK,322,0
SNAP,after_malloc_322,12800,12800
TIME,leak,malloc,128,4539443,4549771,OK,323,0
SNAP,after_malloc_323,12800,12800
TIME,leak,malloc,128,4556894,4567222,OK,324,0
SNAP,after_malloc_324,12800,12800
TIME,leak,malloc,128,4574345,4584674,OK,325,0
SNAP,after_malloc_325,12800,12800
TIME,leak,malloc,128,4591797,4602125,OK,326,0
SNAP,after_malloc_326,12800,12800
TIME,leak,malloc,128,4609248,4619577,OK,327,0
SNAP,after_malloc_327,12800,12800
TIME,leak,malloc,128,4626700,4637028,OK,328,0
SNAP,after_malloc_328,12800,12800
TIME,leak,malloc,128,4644151,4654479,OK,329,0
SNAP,after_malloc_329,12800,12800
TIME,leak,malloc,128,4661602,4671931,OK,330,0
SNAP,after_malloc_330,12800,12800
TIME,leak,malloc,128,4679054,4689382,OK,331,0
SNAP,after_malloc_331,12800,12800
TIME,leak,malloc,128,4696505,4706833,OK,332,0
SNAP,after_malloc_332,12800,12800
TIME,leak,malloc,128,4713957,4724285,OK,333,0
SNAP,after_malloc_333,12800,12800
TIME,leak,malloc,128,4731408,4741736,OK,334,0
SNAP,after_malloc_334,12800,12800
TIME,leak,malloc,128,4748860,4759188,OK,335,0
SNAP,after_malloc_335,12800,12800
TIME,leak,malloc,128,4766311,4776639,OK,336,0
SNAP,after_malloc_336,12800,12800
TIME,leak,malloc,128,4783762,4794091,OK,337,0
SNAP,after_malloc_337,12800,12800
TIME,leak,malloc,128,4801214,4811542,OK,338,0
SNAP,after_malloc_338,12800,12800
TIME,leak,malloc,128,4818665,4828993,OK,339,0
SNAP,after_malloc_339,12800,12800
TIME,leak,malloc,128,4836117,4846445,OK,340,0
SNAP,after_malloc_340,12800,12800
TIME,leak,malloc,128,4853568,4863896,OK,341,0
SNAP,after_malloc_341,12800,12800
TIME,leak,malloc,128,4871019,4881348,OK,342,0
SNAP,after_malloc_342,12800,12800
TIME,leak,malloc,128,4888471,4898799,OK,343,0
SNAP,after_malloc_343,12800,12800
TIME,leak,malloc,128,4905922,4916250,OK,344,0
SNAP,after_malloc_344,12800,12800
TIME,leak,malloc,128,4923373,4933702,OK,345,0
SNAP,after_malloc_345,12800,12800
TIME,leak,malloc,128,4940825,4951153,OK,346,0
SNAP,after_malloc_346,12800,12800
TIME,leak,malloc,128,4958276,4968605,OK,347,0
SNAP,after_malloc_347,12800,12800
TIME,leak,malloc,128,4975728,4986056,OK,348,0
SNAP,after_malloc_348,12800,12800
TIME,leak,malloc,128,4993179,5003507,OK,349,0
SNAP,after_malloc_349,12800,12800
TIME,leak,malloc,128,5010631,5020959,OK,350,0
SNAP,after_malloc_350,12800,12800
TIME,leak,malloc,128,5028082,5038410,OK,351,0
SNAP,after_malloc_351,12800,12800
TIME,leak,malloc,128,5045533,5055862,OK,352,0
SNAP,after_malloc_352,12800,12800
TIME,leak,malloc,128,5062985,5073313,OK,353,0
SNAP,after_malloc_353,12800,12800
TIME,leak,malloc,128,5080436,5090764,OK,354,0
SNAP,after_malloc_354,12800,12800
TIME,leak,malloc,128,5097888,5108216,OK,355,0
SNAP,after_malloc_355,12800,12800
TIME,leak,malloc,128,5115339,5125667,OK,356,0
SNAP,after_malloc_356,12800,12800
TIME,leak,malloc,128,5132790,5143119,OK,357,0
SNAP,after_malloc_357,12800,12800
TIME,leak,malloc,128,5150242,5160570,OK,358,0
SNAP,after_malloc_358,12800,12800
TIME,leak,malloc,128,5167693,5178022,OK,359,0
SNAP,after_malloc_359,12800,12800
TIME,leak,malloc,128,5185145,5195473,OK,360,0
SNAP,after_malloc_360,12800,12800
TIME,leak,malloc,128,5202596,5212924,OK,361,0
SNAP,after_malloc_361,12800,12800
TIME,leak,malloc,128,5220047,5230376,OK,362,0
SNAP,after_malloc_362,12800,12800
TIME,leak,malloc,128,5237499,5247827,OK,363,0
SNAP,after_malloc_363,12800,12800
TIME,leak,malloc,128,5254950,5265278,OK,364,0
SNAP,after_malloc_364,12800,12800
TIME,leak,malloc,128,5272402,5282730,OK,365,0
SNAP,after_malloc_365,12800,12800
TIME,leak,malloc,128,5289853,5300181,OK,366,0
SNAP,after_malloc_366,12800,12800
TIME,leak,malloc,128,5307305,5317633,OK,367,0
SNAP,after_malloc_367,12800,12800
TIME,leak,malloc,128,5324756,5335084,OK,368,0
SNAP,after_malloc_368,12800,12800
TIME,leak,malloc,128,5342207,5352536,OK,369,0
SNAP,after_malloc_369,12800,12800
TIME,leak,malloc,128,5359659,5369987,OK,370,0
SNAP,after_malloc_370,12800,12800
TIME,leak,malloc,128,5377110,5387438,OK,371,0
SNAP,after_malloc_371,12800,12800
TIME,leak,malloc,128,5394561,5404890,OK,372,0
SNAP,after_malloc_372,12800,12800
TIME,leak,malloc,128,5412013,5422341,OK,373,0
SNAP,after_malloc_373,12800,12800
TIME,leak,malloc,128,5429464,5439793,OK,374,0
SNAP,after_malloc_374,12800,12800
TIME,leak,malloc,128,5446916,5457244,OK,375,0
SNAP,after_malloc_375,12800,12800
TIME,leak,malloc,128,5464367,5474695,OK,376,0
SNAP,after_malloc_376,12800,12800
TIME,leak,malloc,128,5481819,5492147,OK,377,0
SNAP,after_malloc_377,12800,12800
TIME,leak,malloc,128,5499270,5509598,OK,378,0
SNAP,after_malloc_378,12800,12800
TIME,leak,malloc,128,5516721,5527050,OK,379,0
SNAP,after_malloc_379,12800,12800
TIME,leak,malloc,128,5534173,5544501,OK,380,0
SNAP,after_malloc_380,12800,12800
TIME,leak,malloc,128,5551624,5561952,OK,381,0
SNAP,after_malloc_381,12800,12800
TIME,leak,malloc,128,5569076,5579404,OK,382,0
SNAP,after_malloc_382,12800,12800
TIME,leak,malloc,128,5586527,5596855,OK,383,0
SNAP,after_malloc_383,12800,12800
TIME,leak,malloc,128,5603978,5614307,OK,384,0
SNAP,after_malloc_384,12800,12800
TIME,leak,malloc,128,5621430,5631758,OK,385,0
SNAP,after_malloc_385,12800,12800
TIME,leak,malloc,128,5638881,5649210,OK,386,0
SNAP,after_malloc_386,12800,12800
TIME,leak,malloc,128,5656333,5666661,OK,387,0
SNAP,after_malloc_387,12800,12800
TIME,leak,malloc,128,5673784,5684112,OK,388,0
SNAP,after_malloc_388,12800,12800
TIME,leak,malloc,128,5691235,5701564,OK,389,0
SNAP,after_malloc_389,12800,12800
TIME,leak,malloc,128,5708687,5719015,OK,390,0
SNAP,after_malloc_390,12800,12800
TIME,leak,malloc,128,5726138,5736466,OK,391,0
SNAP,after_malloc_391,12800,12800
TIME,leak,malloc,128,5743590,5753918,OK,392,0
SNAP,after_malloc_392,12800,12800
TIME,leak,malloc,128,5761041,5771369,OK,393,0
SNAP,after_malloc_393,12800,12800
TIME,leak,malloc,128,5778493,5788821,OK,394,0
SNAP,after_malloc_394,12800,12800
TIME,leak,malloc,128,5795944,5806272,OK,395,0
SNAP,after_malloc_395,12800,12800
TIME,leak,malloc,128,5813395,5823723,OK,396,0
SNAP,after_malloc_396,12800,12800
TIME,leak,malloc,128,5830847,5841175,OK,397,0
SNAP,after_malloc_397,12800,12800
TIME,leak,malloc,128,5848298,5858626,OK,398,0
SNAP,after_malloc_398,12800,12800
TIME,leak,malloc,128,5865750,5876078,OK,399,0
SNAP,after_malloc_399,12800,12800
TIME,leak,malloc,128,5883201,5893529,OK,400,0
SNAP,after_malloc_400,12800,12800
TIME,leak,malloc,128,5900652,5910981,OK,401,0
SNAP,after_malloc_401,12800,12800
TIME,leak,malloc,128,5918104,5928432,OK,402,0
SNAP,after_malloc_402,12800,12800
TIME,leak,malloc,128,5935555,5945883,OK,403,0
SNAP,after_malloc_403,12800,12800
TIME,leak,malloc,128,5953007,5963335,OK,404,0
SNAP,after_malloc_404,12800,12800
TIME,leak,malloc,128,5970458,5980786,OK,405,0
SNAP,after_malloc_405,12800,12800
TIME,leak,malloc,128,5987909,5998238,OK,406,0
SNAP,after_malloc_406,12800,12800
TIME,leak,malloc,128,6005361,6015689,OK,407,0
SNAP,after_malloc_407,12800,12800
TIME,leak,malloc,128,6022812,6033140,OK,408,0
SNAP,after_malloc_408,12800,12800
TIME,leak,malloc,128,6040264,6050592,OK,409,0
SNAP,after_malloc_409,12800,12800
TIME,leak,malloc,128,6057715,6068043,OK,410,0
SNAP,after_malloc_410,12800,12800
TIME,leak,malloc,128,6075166,6085495,OK,411,0
SNAP,after_malloc_411,12800,12800
TIME,leak,malloc,128,6092618,6102946,OK,412,0
SNAP,after_malloc_412,12800,12800
TIME,leak,malloc,128,6110069,6120398,OK,413,0
SNAP,after_malloc_413,12800,12800
TIME,leak,malloc,128,6127521,6137849,OK,414,0
SNAP,after_malloc_414,12800,12800
TIME,leak,malloc,128,6144972,6155300,OK,415,0
SNAP,after_malloc_415,12800,12800
TIME,leak,malloc,128,6162423,6172752,OK,416,0
SNAP,after_malloc_416,12800,12800
TIME,leak,malloc,128,6179875,6190203,OK,417,0
SNAP,after_malloc_417,12800,12800
TIME,leak,malloc,128,6197326,6207655,OK,418,0
SNAP,after_malloc_418,12800,12800
TIME,leak,malloc,128,6214778,6225106,OK,419,0
SNAP,after_malloc_419,12800,12800
TIME,leak,malloc,128,6232229,6242557,OK,420,0
SNAP,after_malloc_420,12800,12800
TIME,leak,malloc,128,6249680,6260009,OK,421,0
SNAP,after_malloc_421,12800,12800
TIME,leak,malloc,128,6267132,6277460,OK,422,0
SNAP,after_malloc_422,12800,12800
TIME,leak,malloc,128,6284583,6294912,OK,423,0
SNAP,after_malloc_423,12800,12800
TIME,leak,malloc,128,6302035,6312363,OK,424,0
SNAP,after_malloc_424,12800,12800
TIME,leak,malloc,128,6319486,6329814,OK,425,0
SNAP,after_malloc_425,12800,12800
TIME,leak,malloc,128,6336937,6347266,OK,426,0
SNAP,after_malloc_426,12800,12800
TIME,leak,malloc,128,6354389,6364717,OK,427,0
SNAP,after_malloc_427,12800,12800
TIME,leak,malloc,128,6371840,6382169,OK,428,0
SNAP,after_malloc_428,12800,12800
TIME,leak,malloc,128,6389292,6399620,OK,429,0
SNAP,after_malloc_429,12800,12800
TIME,leak,malloc,128,6406743,6417071,OK,430,0
SNAP,after_malloc_430,12800,12800
TIME,leak,malloc,128,6424194,6434523,OK,431,0
SNAP,after_malloc_431,12800,12800
TIME,leak,malloc,128,6441646,6451974,OK,432,0
SNAP,after_malloc_432,12800,12800
TIME,leak,malloc,128,6459097,6469426,OK,433,0
SNAP,after_malloc_433,12800,12800
TIME,leak,malloc,128,6476549,6486877,OK,434,0
SNAP,after_malloc_434,12800,12800
TIME,leak,malloc,128,6494000,6504328,OK,435,0
SNAP,after_malloc_435,12800,12800
TIME,leak,malloc,128,6511452,6521780,OK,436,0
SNAP,after_malloc_436,12800,12800
TIME,leak,malloc,128,6528903,6539231,OK,437,0
SNAP,after_malloc_437,12800,12800
TIME,leak,malloc,128,6546354,6556683,OK,438,0
SNAP,after_malloc_438,12800,12800
TIME,leak,malloc,128,6563806,6574134,OK,439,0
SNAP,after_malloc_439,12800,12800
TIME,leak,malloc,128,6581257,6591585,OK,440,0
SNAP,after_malloc_440,12800,12800
TIME,leak,malloc,128,6598709,6609037,OK,441,0
SNAP,after_malloc_441,12800,12800
TIME,leak,malloc,128,6616160,6626488,OK,442,0
SNAP,after_malloc_442,12800,12800
TIME,leak,malloc,128,6633611,6643940,OK,443,0
SNAP,after_malloc_443,12800,12800
TIME,leak,malloc,128,6651063,6661391,OK,444,0
SNAP,after_malloc_444,12800,12800
TIME,leak,malloc,128,6668514,6678843,OK,445,0
SNAP,after_malloc_445,12800,12800
TIME,leak,malloc,128,6685966,6696294,OK,446,0
SNAP,after_malloc_446,12800,12800
TIME,leak,malloc,128,6703417,6713745,OK,447,0
SNAP,after_malloc_447,12800,12800
TIME,leak,malloc,128,6720868,6731197,OK,448,0
SNAP,after_malloc_448,12800,12800
TIME,leak,malloc,128,6738320,6748648,OK,449,0
SNAP,after_malloc_449,12800,12800
TIME,leak,malloc,128,6755771,6766099,OK,450,0
SNAP,after_malloc_450,12800,12800
TIME,leak,malloc,128,6773223,6783551,OK,451,0
SNAP,after_malloc_451,12800,12800
TIME,leak,malloc,128,6790674,6801002,OK,452,0
SNAP,after_malloc_452,12800,12800
TIME,leak,malloc,128,6808125,6818454,OK,453,0
SNAP,after_malloc_453,12800,12800
TIME,leak,malloc,128,6825577,6835905,OK,454,0
SNAP,after_malloc_454,12800,12800
TIME,leak,malloc,128,6843028,6853357,OK,455,0
SNAP,after_malloc_455,12800,12800
TIME,leak,malloc,128,6860480,6870808,OK,456,0
SNAP,after_malloc_456,12800,12800
TIME,leak,malloc,128,6877931,6888259,OK,457,0
SNAP,after_malloc_457,12800,12800
TIME,leak,malloc,128,6895382,6905711,OK,458,0
SNAP,after_malloc_458,12800,12800
TIME,leak,malloc,128,6912834,6923162,OK,459,0
SNAP,after_malloc_459,12800,12800
TIME,leak,malloc,128,6930285,6940614,OK,460,0
SNAP,after_malloc_460,12800,12800
TIME,leak,malloc,128,6947737,6958065,OK,461,0
SNAP,after_malloc_461,12800,12800
TIME,leak,malloc,128,6965188,6975516,OK,462,0
SNAP,after_malloc_462,12800,12800
TIME,leak,malloc,128,6982639,6992968,OK,463,0
SNAP,after_malloc_463,12800,12800
TIME,leak,malloc,128,7000091,7010419,OK,464,0
SNAP,after_malloc_464,12800,12800
TIME,leak,malloc,128,7017542,7027871,OK,465,0
SNAP,after_malloc_465,12800,12800
TIME,leak,malloc,128,7034994,7045322,OK,466,0
SNAP,after_malloc_466,12800,12800
TIME,leak,malloc,128,7052445,7062773,OK,467,0
SNAP,after_malloc_467,12800,12800
TIME,leak,malloc,128,7069897,7080225,OK,468,0
SNAP,after_malloc_468,12800,12800
TIME,leak,malloc,128,7087348,7097676,OK,469,0
SNAP,after_malloc_469,12800,12800
TIME,leak,malloc,128,7104799,7115128,OK,470,0
SNAP,after_malloc_470,12800,12800
TIME,leak,malloc,128,7122251,7132579,OK,471,0
SNAP,after_malloc_471,12800,12800
TIME,leak,malloc,128,7139702,7150030,OK,472,0
SNAP,after_malloc_472,12800,12800
TIME,leak,malloc,128,7157153,7167482,OK,473,0
SNAP,after_malloc_473,12800,12800
TIME,leak,malloc,128,7174605,7184933,OK,474,0
SNAP,after_malloc_474,12800,12800
TIME,leak,malloc,128,7192056,7202385,OK,475,0
SNAP,after_malloc_475,12800,12800
TIME,leak,malloc,128,7209508,7219836,OK,476,0
SNAP,after_malloc_476,12800,12800
TIME,leak,malloc,128,7226959,7237287,OK,477,0
SNAP,after_malloc_477,12800,12800
TIME,leak,malloc,128,7244411,7254739,OK,478,0
SNAP,after_malloc_478,12800,12800
TIME,leak,malloc,128,7261862,7272190,OK,479,0
SNAP,after_malloc_479,12800,12800
TIME,leak,malloc,128,7279313,7289642,OK,480,0
SNAP,after_malloc_480,12800,12800
TIME,leak,malloc,128,7296765,7307093,OK,481,0
SNAP,after_malloc_481,12800,12800
TIME,leak,malloc,128,7314216,7324544,OK,482,0
SNAP,after_malloc_482,12800,12800
TIME,leak,malloc,128,7331668,7341996,OK,483,0
SNAP,after_malloc_483,12800,12800
TIME,leak,malloc,128,7349119,7359447,OK,484,0
SNAP,after_malloc_484,12800,12800
TIME,leak,malloc,128,7366570,7376899,OK,485,0
SNAP,after_malloc_485,12800,12800
TIME,leak,malloc,128,7384022,7394350,OK,486,0
SNAP,after_malloc_486,12800,12800
TIME,leak,malloc,128,7401473,7411801,OK,487,0
SNAP,after_malloc_487,12800,12800
TIME,leak,malloc,128,7418925,7429253,OK,488,0
SNAP,after_malloc_488,12800,12800
TIME,leak,malloc,128,7436376,7446704,OK,489,0
SNAP,after_malloc_489,12800,12800
TIME,leak,malloc,128,7453828,7464156,OK,490,0
SNAP,after_malloc_490,12800,12800
TIME,leak,malloc,128,7471279,7481607,OK,491,0
SNAP,after_malloc_491,12800,12800
TIME,leak,malloc,128,7488730,7499059,OK,492,0
SNAP,after_malloc_492,12800,12800
TIME,leak,malloc,128,7506182,7516510,OK,493,0
SNAP,after_malloc_493,12800,12800
TIME,leak,malloc,128,7523633,7533961,OK,494,0
SNAP,after_malloc_494,12800,12800
TIME,leak,malloc,128,7541085,7551413,OK,495,0
SNAP,after_malloc_495,12800,12800
TIME,leak,malloc,128,7558536,7568864,OK,496,0
SNAP,after_malloc_496,12800,12800
TIME,leak,malloc,128,7575987,7586316,OK,497,0
SNAP,after_malloc_497,12800,12800
TIME,leak,malloc,128,7593439,7603767,OK,498,0
SNAP,after_malloc_498,12800,12800
TIME,leak,malloc,128,7610890,7621218,OK,499,0
SNAP,after_malloc_499,12800,12800
TIME,leak,malloc,128,7628342,7638670,OK,500,0
SNAP,after_malloc_500,12800,12800
TIME,leak,malloc,128,7645793,7656121,OK,501,0
SNAP,after_malloc_501,12800,12800
TIME,leak,malloc,128,7663244,7673573,OK,502,0
SNAP,after_malloc_502,12800,12800
TIME,leak,malloc,128,7680696,7691024,OK,503,0
SNAP,after_malloc_503,12800,12800
TIME,leak,malloc,128,7698147,7708475,OK,504,0
SNAP,after_malloc_504,12800,12800
TIME,leak,malloc,128,7715599,7725927,OK,505,0
SNAP,after_malloc_505,12800,12800
TIME,leak,malloc,128,7733050,7743378,OK,506,0
SNAP,after_malloc_506,12800,12800
TIME,leak,malloc,128,7750501,7760830,OK,507,0
SNAP,after_malloc_507,12800,12800
TIME,leak,malloc,128,7767953,7778281,OK,508,0
SNAP,after_malloc_508,12800,12800
TIME,leak,malloc,128,7785404,7795733,OK,509,0
SNAP,after_malloc_509,12800,12800
TIME,leak,malloc,128,7802856,7813184,OK,510,0
SNAP,after_malloc_510,12800,12800
TIME,leak,malloc,128,7820307,7830635,OK,511,0
SNAP,after_malloc_511,12800,12800
TIME,leak,malloc,128,7837758,7848087,OK,512,0
SNAP,after_malloc_512,12800,12800
TIME,leak,malloc,128,7855210,7865538,OK,513,0
SNAP,after_malloc_513,12800,12800
TIME,leak,malloc,128,7872661,7882989,OK,514,0
SNAP,after_malloc_514,12800,12800
TIME,leak,malloc,128,7890113,7900441,OK,515,0
SNAP,after_malloc_515,12800,12800
TIME,leak,malloc,128,7907564,7917892,OK,516,0
SNAP,after_malloc_516,12800,12800
TIME,leak,malloc,128,7925015,7935344,OK,517,0
SNAP,after_malloc_517,12800,12800
TIME,leak,malloc,128,7942467,7952795,OK,518,0
SNAP,after_malloc_518,12800,12800
TIME,leak,malloc,128,7959918,7970246,OK,519,0
SNAP,after_malloc_519,12800,12800
TIME,leak,malloc,128,7977370,7987698,OK,520,0
SNAP,after_malloc_520,12800,12800
TIME,leak,malloc,128,7994821,8005149,OK,521,0
SNAP,after_malloc_521,12800,12800
TIME,leak,malloc,128,8012272,8022601,OK,522,0
SNAP,after_malloc_522,12800,12800
TIME,leak,malloc,128,8029724,8040052,OK,523,0
SNAP,after_malloc_523,12800,12800
TIME,leak,malloc,128,8047175,8057504,OK,524,0
SNAP,after_malloc_524,12800,12800
TIME,leak,malloc,128,8064627,8074955,OK,525,0
SNAP,after_malloc_525,12800,12800
TIME,leak,malloc,128,8082078,8092406,OK,526,0
SNAP,after_malloc_526,12800,12800
TIME,leak,malloc,128,8099530,8109858,OK,527,0
SNAP,after_malloc_527,12800,12800
TIME,leak,malloc,128,8116981,8127309,OK,528,0
SNAP,after_malloc_528,12800,12800
TIME,leak,malloc,128,8134432,8144761,OK,529,0
SNAP,after_malloc_529,12800,12800
TIME,leak,malloc,128,8151884,8162212,OK,530,0
SNAP,after_malloc_530,12800,12800
TIME,leak,malloc,128,8169335,8179663,OK,531,0
SNAP,after_malloc_531,12800,12800
TIME,leak,malloc,128,8186787,8197115,OK,532,0
SNAP,after_malloc_532,12800,12800
TIME,leak,malloc,128,8204238,8214566,OK,533,0
SNAP,after_malloc_533,12800,12800
TIME,leak,malloc,128,8221689,8232018,OK,534,0
SNAP,after_malloc_534,12800,12800
TIME,leak,malloc,128,8239141,8249469,OK,535,0
SNAP,after_malloc_535,12800,12800
TIME,leak,malloc,128,8256592,8266920,OK,536,0
SNAP,after_malloc_536,12800,12800
TIME,leak,malloc,128,8274044,8284372,OK,537,0
SNAP,after_malloc_537,12800,12800
TIME,leak,malloc,128,8291495,8301823,OK,538,0
SNAP,after_malloc_538,12800,12800
TIME,leak,malloc,128,8308946,8319275,OK,539,0
SNAP,after_malloc_539,12800,12800
TIME,leak,malloc,128,8326398,8336726,OK,540,0
SNAP,after_malloc_540,12800,12800
TIME,leak,malloc,128,8343849,8354177,OK,541,0
SNAP,after_malloc_541,12800,12800
TIME,leak,malloc,128,8361301,8371629,OK,542,0
SNAP,after_malloc_542,12800,12800
TIME,leak,malloc,128,8378752,8389080,OK,543,0
SNAP,after_malloc_543,12800,12800
TIME,leak,malloc,128,8396203,8406532,OK,544,0
SNAP,after_malloc_544,12800,12800
TIME,leak,malloc,128,8413655,8423983,OK,545,0
SNAP,after_malloc_545,12800,12800
TIME,leak,malloc,128,8431106,8441434,OK,546,0
SNAP,after_malloc_546,12800,12800
TIME,leak,malloc,128,8448558,8458886,OK,547,0
SNAP,after_malloc_547,12800,12800
TIME,leak,malloc,128,8466009,8476337,OK,548,0
SNAP,after_malloc_548,12800,12800
TIME,leak,malloc,128,8483460,8493789,OK,549,0
SNAP,after_malloc_549,12800,12800
TIME,leak,malloc,128,8500912,8511240,OK,550,0
SNAP,after_malloc_550,12800,12800
TIME,leak,malloc,128,8518363,8528692,OK,551,0
SNAP,after_malloc_551,12800,12800
TIME,leak,malloc,128,8535815,8546143,OK,552,0
SNAP,after_malloc_552,12800,12800
TIME,leak,malloc,128,8553266,8563594,OK,553,0
SNAP,after_malloc_553,12800,12800
TIME,leak,malloc,128,8570718,8581046,OK,554,0
SNAP,after_malloc_554,12800,12800
TIME,leak,malloc,128,8588169,8598497,OK,555,0
SNAP,after_malloc_555,12800,12800
TIME,leak,malloc,128,8605620,8615949,OK,556,0
SNAP,after_malloc_556,12800,12800
TIME,leak,malloc,128,8623072,8633400,OK,557,0
SNAP,after_malloc_557,12800,12800
TIME,leak,malloc,128,8640523,8650851,OK,558,0
SNAP,after_malloc_558,12800,12800
TIME,leak,malloc,128,8657975,8668303,OK,559,0
SNAP,after_malloc_559,12800,12800
TIME,leak,malloc,128,8675426,8685754,OK,560,0
SNAP,after_malloc_560,12800,12800
TIME,leak,malloc,128,8692877,8703206,OK,561,0
SNAP,after_malloc_561,12800,12800
TIME,leak,malloc,128,8710329,8720657,OK,562,0
SNAP,after_malloc_562,12800,12800
TIME,leak,malloc,128,8727780,8738108,OK,563,0
SNAP,after_malloc_563,12800,12800
TIME,leak,malloc,128,8745232,8755560,OK,564,0
SNAP,after_malloc_564,12800,12800
TIME,leak,malloc,128,8762683,8773011,OK,565,0
SNAP,after_malloc_565,12800,12800
TIME,leak,malloc,128,8780134,8790463,OK,566,0
SNAP,after_malloc_566,12800,12800
TIME,leak,malloc,128,8797586,8807914,OK,567,0
SNAP,after_malloc_567,12800,12800
TIME,leak,malloc,128,8815037,8825365,OK,568,0
SNAP,after_malloc_568,12800,12800
EXHAUSTED,alloc_cnt=568,free_cnt=0
