SNAP,baseline,64,0
TIME,pin,alloc,128,9700,9703,OK,1,0
SNAP,after_pin_1,63,1
TIME,pin,alloc,128,14910,14912,OK,2,0
SNAP,after_pin_2,62,2
TIME,pin,alloc,128,20293,20295,OK,3,0
SNAP,after_pin_3,61,3
TIME,pin,alloc,128,25676,25678,OK,4,0
SNAP,after_pin_4,60,4
TIME,pin,alloc,128,31059,31061,OK,5,0
SNAP,after_pin_5,59,5
TIME,burst,alloc,128,36442,36444,OK,6,0
SNAP,after_burst_alloc_01_01,58,6
TIME,burst,alloc,128,43040,43042,OK,7,0
SNAP,after_burst_alloc_01_02,57,7
TIME,burst,alloc,128,49639,49641,OK,8,0
SNAP,after_burst_alloc_01_03,56,8
TIME,burst,alloc,128,56237,56240,OK,9,0
SNAP,after_burst_alloc_01_04,55,9
TIME,burst,alloc,128,62836,62838,OK,10,0
SNAP,after_burst_alloc_01_05,54,10
TIME,burst,alloc,128,69608,69610,OK,11,0
SNAP,after_burst_alloc_01_06,53,11
TIME,burst,alloc,128,76380,76382,OK,12,0
SNAP,after_burst_alloc_01_07,52,12
TIME,burst,alloc,128,83152,83155,OK,13,0
SNAP,after_burst_alloc_01_08,51,13
TIME,burst,alloc,128,89924,89927,OK,14,0
SNAP,after_burst_alloc_01_09,50,14
TIME,burst,alloc,128,96697,96699,OK,15,0
SNAP,after_burst_alloc_01_10,49,15
TIME,burst,free,128,103469,103471,OK,15,1
SNAP,after_burst_free_01_10,50,14
TIME,burst,free,128,110241,110243,OK,15,2
SNAP,after_burst_free_01_09,51,13
TIME,burst,free,128,117013,117015,OK,15,3
SNAP,after_burst_free_01_08,52,12
TIME,burst,free,128,123786,123788,OK,15,4
SNAP,after_burst_free_01_07,53,11
TIME,burst,free,128,130558,130560,OK,15,5
SNAP,after_burst_free_01_06,54,10
TIME,burst,free,128,137330,137332,OK,15,6
SNAP,after_burst_free_01_05,55,9
TIME,burst,free,128,144015,144017,OK,15,7
SNAP,after_burst_free_01_04,56,8
TIME,burst,free,128,150701,150703,OK,15,8
SNAP,after_burst_free_01_03,57,7
TIME,burst,free,128,157386,157388,OK,15,9
SNAP,after_burst_free_01_02,58,6
TIME,burst,free,128,164071,164074,OK,15,10
SNAP,after_burst_free_01_01,59,5
TIME,burst,alloc,128,170844,170846,OK,16,10
SNAP,after_burst_alloc_02_01,58,6
TIME,burst,alloc,128,177789,177792,OK,17,10
SNAP,after_burst_alloc_02_02,57,7
TIME,burst,alloc,128,184735,184737,OK,18,10
SNAP,after_burst_alloc_02_03,56,8
TIME,burst,alloc,128,191681,191683,OK,19,10
SNAP,after_burst_alloc_02_04,55,9
TIME,burst,alloc,128,198627,198629,OK,20,10
SNAP,after_burst_alloc_02_05,54,10
TIME,burst,alloc,128,205659,205662,OK,21,10
SNAP,after_burst_alloc_02_06,53,11
TIME,burst,alloc,128,212692,212694,OK,22,10
SNAP,after_burst_alloc_02_07,52,12
TIME,burst,alloc,128,219725,219727,OK,23,10
SNAP,after_burst_alloc_02_08,51,13
TIME,burst,alloc,128,226757,226760,OK,24,10
SNAP,after_burst_alloc_02_09,50,14
TIME,burst,alloc,128,233790,233792,OK,25,10
SNAP,after_burst_alloc_02_10,49,15
TIME,burst,free,128,240823,240825,OK,25,11
SNAP,after_burst_free_02_10,50,14
TIME,burst,free,128,247682,247684,OK,25,12
SNAP,after_burst_free_02_09,51,13
TIME,burst,free,128,254541,254543,OK,25,13
SNAP,after_burst_free_02_08,52,12
TIME,burst,free,128,261400,261402,OK,25,14
SNAP,after_burst_free_02_07,53,11
TIME,burst,free,128,268259,268261,OK,25,15
SNAP,after_burst_free_02_06,54,10
TIME,burst,free,128,275118,275120,OK,25,16
SNAP,after_burst_free_02_05,55,9
TIME,burst,free,128,281890,281892,OK,25,17
SNAP,after_burst_free_02_04,56,8
TIME,burst,free,128,288662,288664,OK,25,18
SNAP,after_burst_free_02_03,57,7
TIME,burst,free,128,295434,295437,OK,25,19
SNAP,after_burst_free_02_02,58,6
TIME,burst,free,128,302207,302209,OK,25,20
SNAP,after_burst_free_02_01,59,5
TIME,burst,alloc,128,308979,308981,OK,26,20
SNAP,after_burst_alloc_03_01,58,6
TIME,burst,alloc,128,315925,315927,OK,27,20
SNAP,after_burst_alloc_03_02,57,7
TIME,burst,alloc,128,322870,322873,OK,28,20
SNAP,after_burst_alloc_03_03,56,8
TIME,burst,alloc,128,329816,329818,OK,29,20
SNAP,after_burst_alloc_03_04,55,9
TIME,burst,alloc,128,336762,336764,OK,30,20
SNAP,after_burst_alloc_03_05,54,10
TIME,burst,alloc,128,343795,343797,OK,31,20
SNAP,after_burst_alloc_03_06,53,11
TIME,burst,alloc,128,350827,350830,OK,32,20
SNAP,after_burst_alloc_03_07,52,12
TIME,burst,alloc,128,357860,357862,OK,33,20
SNAP,after_burst_alloc_03_08,51,13
TIME,burst,alloc,128,364893,364895,OK,34,20
SNAP,after_burst_alloc_03_09,50,14
TIME,burst,alloc,128,371925,371928,OK,35,20
SNAP,after_burst_alloc_03_10,49,15
TIME,burst,free,128,378958,378960,OK,35,21
SNAP,after_burst_free_03_10,50,14
TIME,burst,free,128,385817,385819,OK,35,22
SNAP,after_burst_free_03_09,51,13
TIME,burst,free,128,392676,392678,OK,35,23
SNAP,after_burst_free_03_08,52,12
TIME,burst,free,128,399535,399537,OK,35,24
SNAP,after_burst_free_03_07,53,11
TIME,burst,free,128,406394,406396,OK,35,25
SNAP,after_burst_free_03_06,54,10
TIME,burst,free,128,413253,413255,OK,35,26
SNAP,after_burst_free_03_05,55,9
TIME,burst,free,128,420025,420027,OK,35,27
SNAP,after_burst_free_03_04,56,8
TIME,burst,free,128,426797,426800,OK,35,28
SNAP,after_burst_free_03_03,57,7
TIME,burst,free,128,433570,433572,OK,35,29
SNAP,after_burst_free_03_02,58,6
TIME,burst,free,128,440342,440344,OK,35,30
SNAP,after_burst_free_03_01,59,5
TIME,burst,alloc,128,447114,447117,OK,36,30
SNAP,after_burst_alloc_04_01,58,6
TIME,burst,alloc,128,454060,454062,OK,37,30
SNAP,after_burst_alloc_04_02,57,7
TIME,burst,alloc,128,461006,461008,OK,38,30
SNAP,after_burst_alloc_04_03,56,8
TIME,burst,alloc,128,467951,467954,OK,39,30
SNAP,after_burst_alloc_04_04,55,9
TIME,burst,alloc,128,474897,474900,OK,40,30
SNAP,after_burst_alloc_04_05,54,10
TIME,burst,alloc,128,481930,481932,OK,41,30
SNAP,after_burst_alloc_04_06,53,11
TIME,burst,alloc,128,488963,488965,OK,42,30
SNAP,after_burst_alloc_04_07,52,12
TIME,burst,alloc,128,495995,495998,OK,43,30
SNAP,after_burst_alloc_04_08,51,13
TIME,burst,alloc,128,503028,503030,OK,44,30
SNAP,after_burst_alloc_04_09,50,14
TIME,burst,alloc,128,510061,510063,OK,45,30
SNAP,after_burst_alloc_04_10,49,15
TIME,burst,free,128,517093,517095,OK,45,31
SNAP,after_burst_free_04_10,50,14
TIME,burst,free,128,523952,523954,OK,45,32
SNAP,after_burst_free_04_09,51,13
TIME,burst,free,128,530811,530814,OK,45,33
SNAP,after_burst_free_04_08,52,12
TIME,burst,free,128,537670,537672,OK,45,34
SNAP,after_burst_free_04_07,53,11
TIME,burst,free,128,544529,544532,OK,45,35
SNAP,after_burst_free_04_06,54,10
TIME,burst,free,128,551388,551391,OK,45,36
SNAP,after_burst_free_04_05,55,9
TIME,burst,free,128,558160,558163,OK,45,37
SNAP,after_burst_free_04_04,56,8
TIME,burst,free,128,564933,564935,OK,45,38
SNAP,after_burst_free_04_03,57,7
TIME,burst,free,128,571705,571707,OK,45,39
SNAP,after_burst_free_04_02,58,6
TIME,burst,free,128,578477,578479,OK,45,40
SNAP,after_burst_free_04_01,59,5
TIME,burst,alloc,128,585250,585252,OK,46,40
SNAP,after_burst_alloc_05_01,58,6
TIME,burst,alloc,128,592195,592197,OK,47,40
SNAP,after_burst_alloc_05_02,57,7
TIME,burst,alloc,128,599141,599143,OK,48,40
SNAP,after_burst_alloc_05_03,56,8
TIME,burst,alloc,128,606087,606089,OK,49,40
SNAP,after_burst_alloc_05_04,55,9
TIME,burst,alloc,128,613033,613035,OK,50,40
SNAP,after_burst_alloc_05_05,54,10
TIME,burst,alloc,128,620065,620068,OK,51,40
SNAP,after_burst_alloc_05_06,53,11
TIME,burst,alloc,128,627098,627100,OK,52,40
SNAP,after_burst_alloc_05_07,52,12
TIME,burst,alloc,128,634131,634133,OK,53,40
SNAP,after_burst_alloc_05_08,51,13
TIME,burst,alloc,128,641163,641166,OK,54,40
SNAP,after_burst_alloc_05_09,50,14
TIME,burst,alloc,128,648196,648198,OK,55,40
SNAP,after_burst_alloc_05_10,49,15
TIME,burst,free,128,655229,655231,OK,55,41
SNAP,after_burst_free_05_10,50,14
TIME,burst,free,128,662088,662090,OK,55,42
SNAP,after_burst_free_05_09,51,13
TIME,burst,free,128,668947,668949,OK,55,43
SNAP,after_burst_free_05_08,52,12
TIME,burst,free,128,675806,675808,OK,55,44
SNAP,after_burst_free_05_07,53,11
TIME,burst,free,128,682665,682667,OK,55,45
SNAP,after_burst_free_05_06,54,10
TIME,burst,free,128,689524,689526,OK,55,46
SNAP,after_burst_free_05_05,55,9
TIME,burst,free,128,696296,696298,OK,55,47
SNAP,after_burst_free_05_04,56,8
TIME,burst,free,128,703068,703070,OK,55,48
SNAP,after_burst_free_05_03,57,7
TIME,burst,free,128,709840,709842,OK,55,49
SNAP,after_burst_free_05_02,58,6
TIME,burst,free,128,716612,716614,OK,55,50
SNAP,after_burst_free_05_01,59,5
TIME,burst,alloc,128,723385,723387,OK,56,50
SNAP,after_burst_alloc_06_01,58,6
TIME,burst,alloc,128,730330,730333,OK,57,50
SNAP,after_burst_alloc_06_02,57,7
TIME,burst,alloc,128,737276,737278,OK,58,50
SNAP,after_burst_alloc_06_03,56,8
TIME,burst,alloc,128,744222,744224,OK,59,50
SNAP,after_burst_alloc_06_04,55,9
TIME,burst,alloc,128,751168,751170,OK,60,50
SNAP,after_burst_alloc_06_05,54,10
TIME,burst,alloc,128,758201,758203,OK,61,50
SNAP,after_burst_alloc_06_06,53,11
TIME,burst,alloc,128,765233,765235,OK,62,50
SNAP,after_burst_alloc_06_07,52,12
TIME,burst,alloc,128,772266,772268,OK,63,50
SNAP,after_burst_alloc_06_08,51,13
TIME,burst,alloc,128,779299,779301,OK,64,50
SNAP,after_burst_alloc_06_09,50,14
TIME,burst,alloc,128,786331,786333,OK,65,50
SNAP,after_burst_alloc_06_10,49,15
TIME,burst,free,128,793364,793366,OK,65,51
SNAP,after_burst_free_06_10,50,14
TIME,burst,free,128,800223,800225,OK,65,52
SNAP,after_burst_free_06_09,51,13
TIME,burst,free,128,807082,807084,OK,65,53
SNAP,after_burst_free_06_08,52,12
TIME,burst,free,128,813941,813943,OK,65,54
SNAP,after_burst_free_06_07,53,11
TIME,burst,free,128,820800,820802,OK,65,55
SNAP,after_burst_free_06_06,54,10
TIME,burst,free,128,827659,827661,OK,65,56
SNAP,after_burst_free_06_05,55,9
TIME,burst,free,128,834431,834433,OK,65,57
SNAP,after_burst_free_06_04,56,8
TIME,burst,free,128,841203,841205,OK,65,58
SNAP,after_burst_free_06_03,57,7
TIME,burst,free,128,847975,847978,OK,65,59
SNAP,after_burst_free_06_02,58,6
TIME,burst,free,128,854748,854750,OK,65,60
SNAP,after_burst_free_06_01,59,5
TIME,burst,alloc,128,861520,861522,OK,66,60
SNAP,after_burst_alloc_07_01,58,6
TIME,burst,alloc,128,868466,868468,OK,67,60
SNAP,after_burst_alloc_07_02,57,7
TIME,burst,alloc,128,875411,875414,OK,68,60
SNAP,after_burst_alloc_07_03,56,8
TIME,burst,alloc,128,882357,882360,OK,69,60
SNAP,after_burst_alloc_07_04,55,9
TIME,burst,alloc,128,889303,889305,OK,70,60
SNAP,after_burst_alloc_07_05,54,10
TIME,burst,alloc,128,896336,896338,OK,71,60
SNAP,after_burst_alloc_07_06,53,11
TIME,burst,alloc,128,903368,903371,OK,72,60
SNAP,after_burst_alloc_07_07,52,12
TIME,burst,alloc,128,910401,910403,OK,73,60
SNAP,after_burst_alloc_07_08,51,13
TIME,burst,alloc,128,917434,917436,OK,74,60
SNAP,after_burst_alloc_07_09,50,14
TIME,burst,alloc,128,924466,924469,OK,75,60
SNAP,after_burst_alloc_07_10,49,15
TIME,burst,free,128,931499,931501,OK,75,61
SNAP,after_burst_free_07_10,50,14
TIME,burst,free,128,938358,938360,OK,75,62
SNAP,after_burst_free_07_09,51,13
TIME,burst,free,128,945217,945219,OK,75,63
SNAP,after_burst_free_07_08,52,12
TIME,burst,free,128,952076,952078,OK,75,64
SNAP,after_burst_free_07_07,53,11
TIME,burst,free,128,958935,958937,OK,75,65
SNAP,after_burst_free_07_06,54,10
TIME,burst,free,128,965794,965796,OK,75,66
SNAP,after_burst_free_07_05,55,9
TIME,burst,free,128,972566,972568,OK,75,67
SNAP,after_burst_free_07_04,56,8
TIME,burst,free,128,979338,979341,OK,75,68
SNAP,after_burst_free_07_03,57,7
TIME,burst,free,128,986111,986113,OK,75,69
SNAP,after_burst_free_07_02,58,6
TIME,burst,free,128,992883,992885,OK,75,70
SNAP,after_burst_free_07_01,59,5
TIME,burst,alloc,128,999655,999658,OK,76,70
SNAP,after_burst_alloc_08_01,58,6
TIME,burst,alloc,128,1006601,1006603,OK,77,70
SNAP,after_burst_alloc_08_02,57,7
TIME,burst,alloc,128,1013720,1013723,OK,78,70
SNAP,after_burst_alloc_08_03,56,8
TIME,burst,alloc,128,1020840,1020842,OK,79,70
SNAP,after_burst_alloc_08_04,55,9
TIME,burst,alloc,128,1027959,1027962,OK,80,70
SNAP,after_burst_alloc_08_05,54,10
TIME,burst,alloc,128,1035166,1035168,OK,81,70
SNAP,after_burst_alloc_08_06,53,11
TIME,burst,alloc,128,1042372,1042374,OK,82,70
SNAP,after_burst_alloc_08_07,52,12
TIME,burst,alloc,128,1049578,1049580,OK,83,70
SNAP,after_burst_alloc_08_08,51,13
TIME,burst,alloc,128,1056785,1056787,OK,84,70
SNAP,after_burst_alloc_08_09,50,14
TIME,burst,alloc,128,1063991,1063993,OK,85,70
SNAP,after_burst_alloc_08_10,49,15
TIME,burst,free,128,1071197,1071199,OK,85,71
SNAP,after_burst_free_08_10,50,14
TIME,burst,free,128,1078230,1078232,OK,85,72
SNAP,after_burst_free_08_09,51,13
TIME,burst,free,128,1085262,1085265,OK,85,73
SNAP,after_burst_free_08_08,52,12
TIME,burst,free,128,1092295,1092297,OK,85,74
SNAP,after_burst_free_08_07,53,11
TIME,burst,free,128,1099328,1099330,OK,85,75
SNAP,after_burst_free_08_06,54,10
TIME,burst,free,128,1106360,1106363,OK,85,76
SNAP,after_burst_free_08_05,55,9
TIME,burst,free,128,1113306,1113308,OK,85,77
SNAP,after_burst_free_08_04,56,8
TIME,burst,free,128,1120252,1120254,OK,85,78
SNAP,after_burst_free_08_03,57,7
TIME,burst,free,128,1127198,1127200,OK,85,79
SNAP,after_burst_free_08_02,58,6
TIME,burst,free,128,1134144,1134146,OK,85,80
SNAP,after_burst_free_08_01,59,5
TIME,burst,alloc,128,1141090,1141092,OK,86,80
SNAP,after_burst_alloc_09_01,58,6
TIME,burst,alloc,128,1148209,1148211,OK,87,80
SNAP,after_burst_alloc_09_02,57,7
TIME,burst,alloc,128,1155328,1155331,OK,88,80
SNAP,after_burst_alloc_09_03,56,8
TIME,burst,alloc,128,1162448,1162450,OK,89,80
SNAP,after_burst_alloc_09_04,55,9
TIME,burst,alloc,128,1169567,1169570,OK,90,80
SNAP,after_burst_alloc_09_05,54,10
TIME,burst,alloc,128,1176774,1176776,OK,91,80
SNAP,after_burst_alloc_09_06,53,11
TIME,burst,alloc,128,1183980,1183982,OK,92,80
SNAP,after_burst_alloc_09_07,52,12
TIME,burst,alloc,128,1191186,1191189,OK,93,80
SNAP,after_burst_alloc_09_08,51,13
TIME,burst,alloc,128,1198393,1198395,OK,94,80
SNAP,after_burst_alloc_09_09,50,14
TIME,burst,alloc,128,1205599,1205601,OK,95,80
SNAP,after_burst_alloc_09_10,49,15
TIME,burst,free,128,1212805,1212808,OK,95,81
SNAP,after_burst_free_09_10,50,14
TIME,burst,free,128,1219838,1219840,OK,95,82
SNAP,after_burst_free_09_09,51,13
TIME,burst,free,128,1226871,1226873,OK,95,83
SNAP,after_burst_free_09_08,52,12
TIME,burst,free,128,1233903,1233905,OK,95,84
SNAP,after_burst_free_09_07,53,11
TIME,burst,free,128,1240936,1240938,OK,95,85
SNAP,after_burst_free_09_06,54,10
TIME,burst,free,128,1247969,1247971,OK,95,86
SNAP,after_burst_free_09_05,55,9
TIME,burst,free,128,1254914,1254917,OK,95,87
SNAP,after_burst_free_09_04,56,8
TIME,burst,free,128,1261860,1261862,OK,95,88
SNAP,after_burst_free_09_03,57,7
TIME,burst,free,128,1268806,1268808,OK,95,89
SNAP,after_burst_free_09_02,58,6
TIME,burst,free,128,1275752,1275754,OK,95,90
SNAP,after_burst_free_09_01,59,5
TIME,burst,alloc,128,1282698,1282700,OK,96,90
SNAP,after_burst_alloc_10_01,58,6
TIME,burst,alloc,128,1289817,1289819,OK,97,90
SNAP,after_burst_alloc_10_02,57,7
TIME,burst,alloc,128,1296937,1296939,OK,98,90
SNAP,after_burst_alloc_10_03,56,8
TIME,burst,alloc,128,1304056,1304058,OK,99,90
SNAP,after_burst_alloc_10_04,55,9
TIME,burst,alloc,128,1311176,1311178,OK,100,90
SNAP,after_burst_alloc_10_05,54,10
TIME,burst,alloc,128,1318469,1318471,OK,101,90
SNAP,after_burst_alloc_10_06,53,11
TIME,burst,alloc,128,1325762,1325764,OK,102,90
SNAP,after_burst_alloc_10_07,52,12
TIME,burst,alloc,128,1333055,1333057,OK,103,90
SNAP,after_burst_alloc_10_08,51,13
TIME,burst,alloc,128,1340348,1340350,OK,104,90
SNAP,after_burst_alloc_10_09,50,14
TIME,burst,alloc,128,1347641,1347644,OK,105,90
SNAP,after_burst_alloc_10_10,49,15
TIME,burst,free,128,1354934,1354937,OK,105,91
SNAP,after_burst_free_10_10,50,14
TIME,burst,free,128,1362054,1362056,OK,105,92
SNAP,after_burst_free_10_09,51,13
TIME,burst,free,128,1369173,1369176,OK,105,93
SNAP,after_burst_free_10_08,52,12
TIME,burst,free,128,1376293,1376295,OK,105,94
SNAP,after_burst_free_10_07,53,11
TIME,burst,free,128,1383412,1383415,OK,105,95
SNAP,after_burst_free_10_06,54,10
TIME,burst,free,128,1390532,1390534,OK,105,96
SNAP,after_burst_free_10_05,55,9
TIME,burst,free,128,1397564,1397567,OK,105,97
SNAP,after_burst_free_10_04,56,8
TIME,burst,free,128,1404597,1404599,OK,105,98
SNAP,after_burst_free_10_03,57,7
TIME,burst,free,128,1411630,1411632,OK,105,99
SNAP,after_burst_free_10_02,58,6
TIME,burst,free,128,1418662,1418665,OK,105,100
SNAP,after_burst_free_10_01,59,5
TIME,cleanup,free,128,1425782,1425785,OK,105,101
SNAP,after_cleanup_1,60,4
TIME,cleanup,free,128,1432467,1432470,OK,105,102
SNAP,after_cleanup_2,61,3
TIME,cleanup,free,128,1439153,1439155,OK,105,103
SNAP,after_cleanup_3,62,2
TIME,cleanup,free,128,1445838,1445840,OK,105,104
SNAP,after_cleanup_4,63,1
TIME,cleanup,free,128,1452523,1452526,OK,105,105
SNAP,after_cleanup_5,64,0
